ID do pedido,Status do pedido,Data de criação do pedido,Número de referência SKU,Nome do Produto,Preço acordado,Quantidade,Taxa de comissão,Taxa de serviço,Taxa de envio paga pelo vendedor,Cupom do vendedor,Nome de usuário (comprador),Nome do destinatário,Telefone,Endereço de entrega
250923000001M,Concluído,2025-09-23 22:40,LAMP-USB-LED,USB LED Desk Lamp,"44,90",1,"6,29","2,69","7,90","0,00",user_35132,Fake Recipient 735,(11) 98704-0000,"Rua Exemplo 554, São Paulo - SP"
250923000002T,Concluído,2025-09-23 22:25,FONE-BT-TWS,TWS Bluetooth Earbuds,"89,90",4,"50,34","21,58","4,90","0,00",user_98003,Fake Recipient 796,(11) 92049-0000,"Rua Exemplo 164, São Paulo - SP"
250923000003U,Concluído,2025-09-23 08:19,CABO-USBC-2M,USB-C Braided Cable 2m,"29,90",1,"12,98","5,56","7,90","10,00",user_27583,Fake Recipient 900,(11) 96988-0000,"Rua Exemplo 100, São Paulo - SP"
250923000003U,Concluído,2025-09-23 08:19,CAPA-S23-ANT,Shockproof Case Galaxy S23,"34,90",1,"12,98","5,56","7,90","10,00",user_27583,Fake Recipient 37,(11) 93227-0000,"Rua Exemplo 507, São Paulo - SP"
250923000003U,Concluído,2025-09-23 08:19,TRIPE-FLEX,Flexible Phone Tripod,"27,90",1,"12,98","5,56","7,90","10,00",user_27583,Fake Recipient 223,(11) 95226-0000,"Rua Exemplo 989, São Paulo - SP"
250923000004X,Concluído,2025-09-23 20:49,CABO-USBC-2M,USB-C Braided Cable 2m,"29,90",1,"4,19","1,79","0,00","5,00",user_86579,Fake Recipient 238,(11) 96517-0000,"Rua Exemplo 699, São Paulo - SP"
250923000005A,Concluído,2025-09-23 15:38,HUB-USBC-5,5-in-1 USB-C Hub,"129,90",4,"72,74","31,18","7,90","0,00",user_95919,Fake Recipient 217,(11) 95375-0000,"Rua Exemplo 292, São Paulo - SP"
250923000006D,Concluído,2025-09-23 09:30,PEL-VIDRO-3D,3D Tempered Glass Screen Protector,"19,90",1,"4,87","2,09","4,90","5,00",user_25586,Fake Recipient 46,(11) 91736-0000,"Rua Exemplo 387, São Paulo - SP"
250923000006D,Concluído,2025-09-23 09:30,ORG-CABOS,Cable Organizer Kit,"14,90",1,"4,87","2,09","4,90","5,00",user_25586,Fake Recipient 736,(11) 96422-0000,"Rua Exemplo 565, São Paulo - SP"
250923000007J,Concluído,2025-09-23 23:15,CAPA-IP15-SIL,Silicone Case iPhone 15,"39,90",1,"5,59","2,39","0,00","0,00",user_63469,Fake Recipient 299,(11) 95315-0000,"Rua Exemplo 160, São Paulo - SP"
250923000008Y,Concluído,2025-09-23 08:55,CAPA-IP15-SIL,Silicone Case iPhone 15,"39,90",3,"16,76","7,18","4,90","5,00",user_94395,Fake Recipient 888,(11) 92680-0000,"Rua Exemplo 636, São Paulo - SP"
250923000009S,Concluído,2025-09-23 15:27,PEN-64GB,64GB USB Flash Drive,"39,90",1,"5,59","2,39","0,00","0,00",user_81883,Fake Recipient 348,(11) 91187-0000,"Rua Exemplo 808, São Paulo - SP"
250923000010P,Concluído,2025-09-23 17:01,CAPA-IP15-SIL,Silicone Case iPhone 15,"39,90",1,"5,59","2,39","0,00","10,00",user_56257,Fake Recipient 696,(11) 96776-0000,"Rua Exemplo 624, São Paulo - SP"
250924000011Y,Concluído,2025-09-24 15:47,ADAPT-OTG,USB-C OTG Adapter,"12,90",1,"1,81","0,77","0,00","0,00",user_92309,Fake Recipient 468,(11) 95892-0000,"Rua Exemplo 607, São Paulo - SP"
250924000012V,Concluído,2025-09-24 17:11,PEL-VIDRO-3D,3D Tempered Glass Screen Protector,"19,90",1,"2,79","1,19","0,00","5,00",user_23745,Fake Recipient 791,(11) 91441-0000,"Rua Exemplo 995, São Paulo - SP"
250924000013U,Concluído,2025-09-24 11:19,CAPA-IP15-SIL,Silicone Case iPhone 15,"39,90",1,"5,59","2,39","4,90","0,00",user_23348,Fake Recipient 616,(11) 96275-0000,"Rua Exemplo 972, São Paulo - SP"
250924000014L,Concluído,2025-09-24 14:28,PEL-VIDRO-3D,3D Tempered Glass Screen Protector,"19,90",1,"4,87","2,09","0,00","0,00",user_14444,Fake Recipient 543,(11) 94126-0000,"Rua Exemplo 323, São Paulo - SP"
250924000014L,Concluído,2025-09-24 14:28,ORG-CABOS,Cable Organizer Kit,"14,90",1,"4,87","2,09","0,00","0,00",user_14444,Fake Recipient 827,(11) 94007-0000,"Rua Exemplo 885, São Paulo - SP"
250924000015J,Concluído,2025-09-24 17:51,FONE-BT-TWS,TWS Bluetooth Earbuds,"89,90",1,"12,59","5,39","4,90","0,00",user_77947,Fake Recipient 813,(11) 95442-0000,"Rua Exemplo 476, São Paulo - SP"
250924000016M,Concluído,2025-09-24 20:18,TRIPE-FLEX,Flexible Phone Tripod,"27,90",1,"3,91","1,67","0,00","10,00",user_91613,Fake Recipient 523,(11) 98116-0000,"Rua Exemplo 573, São Paulo - SP"
250924000017Y,Concluído,2025-09-24 14:02,CARR-20W-PD,20W PD Fast Wall Charger,"59,90",2,"60,13","25,77","7,90","0,00",user_66346,Fake Recipient 591,(11) 91808-0000,"Rua Exemplo 14, São Paulo - SP"
250924000017Y,Concluído,2025-09-24 14:02,HUB-USBC-5,5-in-1 USB-C Hub,"129,90",2,"60,13","25,77","7,90","0,00",user_66346,Fake Recipient 493,(11) 92979-0000,"Rua Exemplo 176, São Paulo - SP"
250924000017Y,Concluído,2025-09-24 14:02,MOUSE-SF-WL,Silent Wireless Mouse,"49,90",1,"60,13","25,77","7,90","0,00",user_66346,Fake Recipient 516,(11) 95913-0000,"Rua Exemplo 245, São Paulo - SP"
250924000018X,Concluído,2025-09-24 07:33,LAMP-USB-LED,USB LED Desk Lamp,"44,90",1,"6,29","2,69","0,00","0,00",user_80907,Fake Recipient 489,(11) 92005-0000,"Rua Exemplo 361, São Paulo - SP"
250924000019H,Concluído,2025-09-24 13:07,CAPA-IP15-SIL,Silicone Case iPhone 15,"39,90",1,"7,67","3,29","0,00","10,00",user_92392,Fake Recipient 585,(11) 97558-0000,"Rua Exemplo 52, São Paulo - SP"
250924000019H,Concluído,2025-09-24 13:07,ORG-CABOS,Cable Organizer Kit,"14,90",1,"7,67","3,29","0,00","10,00",user_92392,Fake Recipient 775,(11) 95446-0000,"Rua Exemplo 255, São Paulo - SP"
250924000020J,Concluído,2025-09-24 23:33,SMW-PULS-SIL,Silicone Smartwatch Strap,"24,90",1,"3,49","1,49","0,00","0,00",user_16053,Fake Recipient 128,(11) 91816-0000,"Rua Exemplo 71, São Paulo - SP"
250924000021R,Concluído,2025-09-24 08:54,CABO-USBC-2M,USB-C Braided Cable 2m,"29,90",1,"4,19","1,79","0,00","0,00",user_60567,Fake Recipient 663,(11) 97383-0000,"Rua Exemplo 601, São Paulo - SP"
250924000022K,Concluído,2025-09-24 18:16,CAPA-IP15-SIL,Silicone Case iPhone 15,"39,90",1,"5,59","2,39","4,90","0,00",user_84282,Fake Recipient 183,(11) 91703-0000,"Rua Exemplo 383, São Paulo - SP"
250924000023Q,Concluído,2025-09-24 19:40,PEL-VIDRO-3D,3D Tempered Glass Screen Protector,"19,90",1,"2,79","1,19","4,90","0,00",user_65117,Fake Recipient 974,(11) 97853-0000,"Rua Exemplo 472, São Paulo - SP"
250924000024A,Concluído,2025-09-24 14:13,CAPA-IP15-SIL,Silicone Case iPhone 15,"39,90",1,"5,59","2,39","4,90","0,00",user_13682,Fake Recipient 959,(11) 96334-0000,"Rua Exemplo 384, São Paulo - SP"
250924000025T,Concluído,2025-09-24 15:07,MOUSE-SF-WL,Silent Wireless Mouse,"49,90",1,"6,99","2,99","7,90","5,00",user_97498,Fake Recipient 112,(11) 96216-0000,"Rua Exemplo 578, São Paulo - SP"
250924000026T,Concluído,2025-09-24 10:51,CAPA-IP15-SIL,Silicone Case iPhone 15,"39,90",1,"5,59","2,39","0,00","0,00",user_83966,Fake Recipient 102,(11) 97156-0000,"Rua Exemplo 184, São Paulo - SP"
250925000027D,Concluído,2025-09-25 07:54,SUP-CEL-CARRO,Magnetic Car Phone Holder,"34,90",1,"4,89","2,09","0,00","0,00",user_14753,Fake Recipient 786,(11) 99377-0000,"Rua Exemplo 542, São Paulo - SP"
250925000028Y,Concluído,2025-09-25 14:06,CARR-20W-PD,20W PD Fast Wall Charger,"59,90",1,"8,39","3,59","7,90","0,00",user_20136,Fake Recipient 248,(11) 93945-0000,"Rua Exemplo 662, São Paulo - SP"
250925000029H,Concluído,2025-09-25 21:39,PEL-VIDRO-3D,3D Tempered Glass Screen Protector,"19,90",1,"22,36","9,58","7,90","10,00",user_30470,Fake Recipient 659,(11) 97570-0000,"Rua Exemplo 919, São Paulo - SP"
250925000029H,Concluído,2025-09-25 21:39,CAPA-IP15-SIL,Silicone Case iPhone 15,"39,90",1,"22,36","9,58","7,90","10,00",user_30470,Fake Recipient 909,(11) 93446-0000,"Rua Exemplo 167, São Paulo - SP"
250925000029H,Concluído,2025-09-25 21:39,PWR-10000,10000mAh Power Bank,"99,90",1,"22,36","9,58","7,90","10,00",user_30470,Fake Recipient 99,(11) 99158-0000,"Rua Exemplo 767, São Paulo - SP"
250925000030R,Concluído,2025-09-25 23:28,CAPA-IP15-SIL,Silicone Case iPhone 15,"39,90",1,"13,97","5,99","0,00","0,00",user_97999,Fake Recipient 723,(11) 97769-0000,"Rua Exemplo 610, São Paulo - SP"
250925000030R,Concluído,2025-09-25 23:28,CARR-20W-PD,20W PD Fast Wall Charger,"59,90",1,"13,97","5,99","0,00","0,00",user_97999,Fake Recipient 875,(11) 95377-0000,"Rua Exemplo 911, São Paulo - SP"
250925000031G,Concluído,2025-09-25 16:01,CAPA-IP15-SIL,Silicone Case iPhone 15,"39,90",1,"8,37","3,59","0,00","5,00",user_72860,Fake Recipient 719,(11) 94371-0000,"Rua Exemplo 480, São Paulo - SP"
250925000031G,Concluído,2025-09-25 16:01,PEL-VIDRO-3D,3D Tempered Glass Screen Protector,"19,90",1,"8,37","3,59","0,00","5,00",user_72860,Fake Recipient 595,(11) 91454-0000,"Rua Exemplo 493, São Paulo - SP"
250925000032Z,Concluído,2025-09-25 09:54,CABO-USBC-2M,USB-C Braided Cable 2m,"29,90",1,"9,77","4,19","0,00","0,00",user_43314,Fake Recipient 248,(11) 94106-0000,"Rua Exemplo 795, São Paulo - SP"
250925000032Z,Concluído,2025-09-25 09:54,CAPA-IP15-SIL,Silicone Case iPhone 15,"39,90",1,"9,77","4,19","0,00","0,00",user_43314,Fake Recipient 265,(11) 93252-0000,"Rua Exemplo 192, São Paulo - SP"
250925000033V,Concluído,2025-09-25 08:57,CAPA-IP15-SIL,Silicone Case iPhone 15,"39,90",1,"5,59","2,39","0,00","0,00",user_25462,Fake Recipient 95,(11) 95328-0000,"Rua Exemplo 854, São Paulo - SP"
250925000034K,Concluído,2025-09-25 08:22,PEL-VIDRO-3D,3D Tempered Glass Screen Protector,"19,90",1,"2,79","1,19","0,00","5,00",user_59764,Fake Recipient 498,(11) 92277-0000,"Rua Exemplo 216, São Paulo - SP"
250925000035W,Concluído,2025-09-25 22:25,ORG-CABOS,Cable Organizer Kit,"14,90",1,"2,09","0,89","4,90","0,00",user_67464,Fake Recipient 909,(11) 99642-0000,"Rua Exemplo 931, São Paulo - SP"
250925000036J,Concluído,2025-09-25 10:33,SMW-PULS-SIL,Silicone Smartwatch Strap,"24,90",1,"3,49","1,49","0,00","0,00",user_24046,Fake Recipient 773,(11) 96546-0000,"Rua Exemplo 689, São Paulo - SP"
250925000037U,Concluído,2025-09-25 23:07,CAPA-IP15-SIL,Silicone Case iPhone 15,"39,90",1,"5,59","2,39","7,90","0,00",user_94650,Fake Recipient 662,(11) 93450-0000,"Rua Exemplo 184, São Paulo - SP"
250925000038M,Concluído,2025-09-25 21:07,TRIPE-FLEX,Flexible Phone Tripod,"27,90",1,"3,91","1,67","7,90","5,00",user_82734,Fake Recipient 308,(11) 94062-0000,"Rua Exemplo 469, São Paulo - SP"
250925000039R,Concluído,2025-09-25 16:50,RING-LED-26,26cm LED Ring Light with Tripod,"119,90",1,"16,79","7,19","7,90","5,00",user_57083,Fake Recipient 103,(11) 95355-0000,"Rua Exemplo 278, São Paulo - SP"
250926000040N,Concluído,2025-09-26 08:55,CAPA-IP15-SIL,Silicone Case iPhone 15,"39,90",1,"5,59","2,39","7,90","0,00",user_53628,Fake Recipient 968,(11) 97608-0000,"Rua Exemplo 459, São Paulo - SP"
250926000041T,Concluído,2025-09-26 09:22,CAPA-IP15-SIL,Silicone Case iPhone 15,"39,90",1,"22,37","9,59","0,00","5,00",user_97837,Fake Recipient 762,(11) 97409-0000,"Rua Exemplo 836, São Paulo - SP"
250926000041T,Concluído,2025-09-26 09:22,RING-LED-26,26cm LED Ring Light with Tripod,"119,90",1,"22,37","9,59","0,00","5,00",user_97837,Fake Recipient 767,(11) 93104-0000,"Rua Exemplo 607, São Paulo - SP"
250926000042V,Concluído,2025-09-26 11:55,CABO-USBC-2M,USB-C Braided Cable 2m,"29,90",1,"4,19","1,79","0,00","0,00",user_58444,Fake Recipient 801,(11) 95800-0000,"Rua Exemplo 31, São Paulo - SP"
250926000043Q,Concluído,2025-09-26 20:52,CARR-20W-PD,20W PD Fast Wall Charger,"59,90",1,"8,39","3,59","7,90","0,00",user_97509,Fake Recipient 496,(11) 91494-0000,"Rua Exemplo 616, São Paulo - SP"
250926000044G,Concluído,2025-09-26 07:06,CABO-USBC-2M,USB-C Braided Cable 2m,"29,90",1,"4,19","1,79","4,90","0,00",user_35354,Fake Recipient 801,(11) 99676-0000,"Rua Exemplo 217, São Paulo - SP"
250926000045B,Concluído,2025-09-26 23:59,CARR-20W-PD,20W PD Fast Wall Charger,"59,90",2,"16,77","7,19","0,00","10,00",user_21630,Fake Recipient 639,(11) 91829-0000,"Rua Exemplo 27, São Paulo - SP"
250926000046M,Devolução/Reembolso,2025-09-26 14:32,PEN-64GB,64GB USB Flash Drive,"39,90",1,"5,59","2,39","0,00","0,00",user_20553,Fake Recipient 879,(11) 91556-0000,"Rua Exemplo 734, São Paulo - SP"
250926000047C,Concluído,2025-09-26 17:51,CAPA-IP15-SIL,Silicone Case iPhone 15,"39,90",1,"5,59","2,39","0,00","10,00",user_51393,Fake Recipient 112,(11) 91699-0000,"Rua Exemplo 419, São Paulo - SP"
250926000048C,Concluído,2025-09-26 13:45,SUP-CEL-CARRO,Magnetic Car Phone Holder,"34,90",1,"4,89","2,09","4,90","0,00",user_95097,Fake Recipient 501,(11) 95991-0000,"Rua Exemplo 24, São Paulo - SP"
250926000049Q,Concluído,2025-09-26 21:48,CABO-USBC-2M,USB-C Braided Cable 2m,"29,90",1,"4,19","1,79","0,00","0,00",user_58624,Fake Recipient 459,(11) 99672-0000,"Rua Exemplo 371, São Paulo - SP"
250927000050A,Concluído,2025-09-27 13:16,CABO-USBC-2M,USB-C Braided Cable 2m,"29,90",1,"4,19","1,79","0,00","0,00",user_32382,Fake Recipient 599,(11) 97614-0000,"Rua Exemplo 516, São Paulo - SP"
250927000051F,A enviar,2025-09-27 07:08,CAPA-IP15-SIL,Silicone Case iPhone 15,"39,90",3,"16,76","7,18","4,90","0,00",user_63443,Fake Recipient 34,(11) 91837-0000,"Rua Exemplo 245, São Paulo - SP"
250927000052N,Concluído,2025-09-27 08:25,CAPA-IP15-SIL,Silicone Case iPhone 15,"39,90",1,"18,14","7,78","4,90","0,00",user_83547,Fake Recipient 273,(11) 91493-0000,"Rua Exemplo 835, São Paulo - SP"
250927000052N,Concluído,2025-09-27 08:25,CABO-USBC-2M,USB-C Braided Cable 2m,"29,90",3,"18,14","7,78","4,90","0,00",user_83547,Fake Recipient 346,(11) 96648-0000,"Rua Exemplo 325, São Paulo - SP"
250927000053C,Concluído,2025-09-27 08:43,FONE-BT-TWS,TWS Bluetooth Earbuds,"89,90",1,"12,59","5,39","0,00","0,00",user_32326,Fake Recipient 516,(11) 91599-0000,"Rua Exemplo 494, São Paulo - SP"
250927000054B,Concluído,2025-09-27 13:41,LAMP-USB-LED,USB LED Desk Lamp,"44,90",1,"6,29","2,69","0,00","10,00",user_56077,Fake Recipient 963,(11) 91560-0000,"Rua Exemplo 392, São Paulo - SP"
250927000055K,Concluído,2025-09-27 19:05,PEL-VIDRO-3D,3D Tempered Glass Screen Protector,"19,90",1,"2,79","1,19","7,90","0,00",user_80322,Fake Recipient 697,(11) 97599-0000,"Rua Exemplo 179, São Paulo - SP"
250927000056Z,Concluído,2025-09-27 19:53,CAPA-IP15-SIL,Silicone Case iPhone 15,"39,90",3,"16,76","7,18","0,00","10,00",user_72995,Fake Recipient 354,(11) 95414-0000,"Rua Exemplo 841, São Paulo - SP"
250927000057F,Concluído,2025-09-27 23:46,ADAPT-OTG,USB-C OTG Adapter,"12,90",1,"18,58","7,96","0,00","0,00",user_41086,Fake Recipient 616,(11) 91924-0000,"Rua Exemplo 900, São Paulo - SP"
250927000057F,Concluído,2025-09-27 23:46,CAPA-IP15-SIL,Silicone Case iPhone 15,"39,90",1,"18,58","7,96","0,00","0,00",user_41086,Fake Recipient 627,(11) 91789-0000,"Rua Exemplo 461, São Paulo - SP"
250927000057F,Concluído,2025-09-27 23:46,TECL-BT-MINI,Mini Bluetooth Keyboard,"79,90",1,"18,58","7,96","0,00","0,00",user_41086,Fake Recipient 478,(11) 96467-0000,"Rua Exemplo 379, São Paulo - SP"
250927000058A,Concluído,2025-09-27 09:12,PEL-VIDRO-3D,3D Tempered Glass Screen Protector,"19,90",1,"11,16","4,78","0,00","0,00",user_30011,Fake Recipient 958,(11) 93344-0000,"Rua Exemplo 600, São Paulo - SP"
250927000058A,Concluído,2025-09-27 09:12,CABO-USBC-2M,USB-C Braided Cable 2m,"29,90",2,"11,16","4,78","0,00","0,00",user_30011,Fake Recipient 12,(11) 92836-0000,"Rua Exemplo 236, São Paulo - SP"
250927000059K,Concluído,2025-09-27 13:14,CABO-USBC-2M,USB-C Braided Cable 2m,"29,90",3,"12,56","5,38","7,90","0,00",user_71274,Fake Recipient 182,(11) 92296-0000,"Rua Exemplo 43, São Paulo - SP"
250927000060D,Concluído,2025-09-27 07:54,ORG-CABOS,Cable Organizer Kit,"14,90",1,"2,09","0,89","4,90","5,00",user_39196,Fake Recipient 846,(11) 92783-0000,"Rua Exemplo 658, São Paulo - SP"
250927000061R,Concluído,2025-09-27 18:25,CAPA-IP15-SIL,Silicone Case iPhone 15,"39,90",4,"22,34","9,58","4,90","5,00",user_36999,Fake Recipient 120,(11) 99833-0000,"Rua Exemplo 8, São Paulo - SP"
250927000062Q,Concluído,2025-09-27 16:46,CAPA-IP15-SIL,Silicone Case iPhone 15,"39,90",1,"5,59","2,39","7,90","0,00",user_65424,Fake Recipient 803,(11) 92097-0000,"Rua Exemplo 621, São Paulo - SP"
250927000063S,Concluído,2025-09-27 13:15,CAPA-IP15-SIL,Silicone Case iPhone 15,"39,90",4,"86,67","37,15","4,90","0,00",user_35053,Fake Recipient 925,(11) 97705-0000,"Rua Exemplo 496, São Paulo - SP"
250927000063S,Concluído,2025-09-27 13:15,PWR-10000,10000mAh Power Bank,"99,90",1,"86,67","37,15","4,90","0,00",user_35053,Fake Recipient 916,(11) 97667-0000,"Rua Exemplo 481, São Paulo - SP"
250927000063S,Concluído,2025-09-27 13:15,FONE-BT-TWS,TWS Bluetooth Earbuds,"89,90",4,"86,67","37,15","4,90","0,00",user_35053,Fake Recipient 602,(11) 91572-0000,"Rua Exemplo 300, São Paulo - SP"
250927000064A,A enviar,2025-09-27 12:57,CABO-USBC-2M,USB-C Braided Cable 2m,"29,90",1,"4,19","1,79","0,00","0,00",user_37176,Fake Recipient 283,(11) 99056-0000,"Rua Exemplo 443, São Paulo - SP"
250927000065B,Concluído,2025-09-27 18:29,CAPA-IP15-SIL,Silicone Case iPhone 15,"39,90",1,"5,59","2,39","0,00","5,00",user_68175,Fake Recipient 80,(11) 94368-0000,"Rua Exemplo 157, São Paulo - SP"
250927000066R,Concluído,2025-09-27 16:24,PEN-64GB,64GB USB Flash Drive,"39,90",1,"19,98","8,56","0,00","10,00",user_58954,Fake Recipient 909,(11) 96886-0000,"Rua Exemplo 827, São Paulo - SP"
250927000066R,Concluído,2025-09-27 16:24,PAD-MOUSE-XL,XL Desk Mouse Pad,"32,90",1,"19,98","8,56","0,00","10,00",user_58954,Fake Recipient 851,(11) 95872-0000,"Rua Exemplo 766, São Paulo - SP"
250927000066R,Concluído,2025-09-27 16:24,CAIXA-SOM-MINI,Mini Bluetooth Speaker,"69,90",1,"19,98","8,56","0,00","10,00",user_58954,Fake Recipient 249,(11) 99512-0000,"Rua Exemplo 11, São Paulo - SP"
250928000067A,Concluído,2025-09-28 11:40,CAPA-IP15-SIL,Silicone Case iPhone 15,"39,90",1,"5,59","2,39","0,00","10,00",user_56516,Fake Recipient 989,(11) 96944-0000,"Rua Exemplo 566, São Paulo - SP"
250928000068B,Enviado,2025-09-28 22:11,PEL-VIDRO-3D,3D Tempered Glass Screen Protector,"19,90",1,"2,79","1,19","7,90","0,00",user_68984,Fake Recipient 320,(11) 95288-0000,"Rua Exemplo 254, São Paulo - SP"
250928000069X,Concluído,2025-09-28 22:26,CAPA-IP15-SIL,Silicone Case iPhone 15,"39,90",1,"5,59","2,39","0,00","0,00",user_27781,Fake Recipient 762,(11) 97757-0000,"Rua Exemplo 522, São Paulo - SP"
250928000070L,A enviar,2025-09-28 11:17,FONE-BT-TWS,TWS Bluetooth Earbuds,"89,90",3,"37,76","16,18","4,90","5,00",user_58634,Fake Recipient 531,(11) 93798-0000,"Rua Exemplo 301, São Paulo - SP"
250928000071F,A enviar,2025-09-28 09:43,PEL-VIDRO-3D,3D Tempered Glass Screen Protector,"19,90",1,"2,79","1,19","0,00","10,00",user_47098,Fake Recipient 983,(11) 99680-0000,"Rua Exemplo 160, São Paulo - SP"
250928000072U,Concluído,2025-09-28 17:08,HUB-USBC-5,5-in-1 USB-C Hub,"129,90",4,"72,74","31,18","7,90","0,00",user_14010,Fake Recipient 325,(11) 92901-0000,"Rua Exemplo 500, São Paulo - SP"
250928000073E,Concluído,2025-09-28 15:50,PEL-VIDRO-3D,3D Tempered Glass Screen Protector,"19,90",1,"8,37","3,59","4,90","0,00",user_50812,Fake Recipient 943,(11) 96665-0000,"Rua Exemplo 186, São Paulo - SP"
250928000073E,Concluído,2025-09-28 15:50,CAPA-IP15-SIL,Silicone Case iPhone 15,"39,90",1,"8,37","3,59","4,90","0,00",user_50812,Fake Recipient 670,(11) 97280-0000,"Rua Exemplo 965, São Paulo - SP"
250928000074N,A enviar,2025-09-28 17:03,FONE-BT-TWS,TWS Bluetooth Earbuds,"89,90",1,"26,53","11,37","0,00","0,00",user_20424,Fake Recipient 715,(11) 99622-0000,"Rua Exemplo 118, São Paulo - SP"
250928000074N,A enviar,2025-09-28 17:03,CAPA-IP15-SIL,Silicone Case iPhone 15,"39,90",1,"26,53","11,37","0,00","0,00",user_20424,Fake Recipient 761,(11) 93025-0000,"Rua Exemplo 647, São Paulo - SP"
250928000074N,A enviar,2025-09-28 17:03,PEL-VIDRO-3D,3D Tempered Glass Screen Protector,"19,90",3,"26,53","11,37","0,00","0,00",user_20424,Fake Recipient 859,(11) 91087-0000,"Rua Exemplo 965, São Paulo - SP"
250928000075K,Enviado,2025-09-28 09:27,CAPA-IP15-SIL,Silicone Case iPhone 15,"39,90",1,"5,59","2,39","0,00","0,00",user_73777,Fake Recipient 981,(11) 93753-0000,"Rua Exemplo 148, São Paulo - SP"
250928000076E,Concluído,2025-09-28 12:44,FONE-BT-TWS,TWS Bluetooth Earbuds,"89,90",1,"12,59","5,39","0,00","0,00",user_92130,Fake Recipient 181,(11) 96095-0000,"Rua Exemplo 195, São Paulo - SP"
250928000077W,A enviar,2025-09-28 11:55,PEL-VIDRO-3D,3D Tempered Glass Screen Protector,"19,90",1,"2,79","1,19","4,90","0,00",user_13446,Fake Recipient 288,(11) 92711-0000,"Rua Exemplo 135, São Paulo - SP"
250928000078D,Enviado,2025-09-28 11:18,PEN-64GB,64GB USB Flash Drive,"39,90",1,"8,37","3,59","4,90","0,00",user_18426,Fake Recipient 363,(11) 99946-0000,"Rua Exemplo 974, São Paulo - SP"
250928000078D,Enviado,2025-09-28 11:18,PEL-VIDRO-3D,3D Tempered Glass Screen Protector,"19,90",1,"8,37","3,59","4,90","0,00",user_18426,Fake Recipient 917,(11) 98947-0000,"Rua Exemplo 107, São Paulo - SP"
250928000079Y,Enviado,2025-09-28 17:30,HUB-USBC-5,5-in-1 USB-C Hub,"129,90",1,"18,19","7,79","4,90","10,00",user_80513,Fake Recipient 552,(11) 96002-0000,"Rua Exemplo 453, São Paulo - SP"
250928000080E,Concluído,2025-09-28 21:53,PEN-64GB,64GB USB Flash Drive,"39,90",2,"27,92","11,96","0,00","0,00",user_63646,Fake Recipient 630,(11) 93914-0000,"Rua Exemplo 118, São Paulo - SP"
250928000080E,Concluído,2025-09-28 21:53,CAPA-IP15-SIL,Silicone Case iPhone 15,"39,90",2,"27,92","11,96","0,00","0,00",user_63646,Fake Recipient 588,(11) 91228-0000,"Rua Exemplo 162, São Paulo - SP"
250928000080E,Concluído,2025-09-28 21:53,PEL-VIDRO-3D,3D Tempered Glass Screen Protector,"19,90",2,"27,92","11,96","0,00","0,00",user_63646,Fake Recipient 891,(11) 93007-0000,"Rua Exemplo 814, São Paulo - SP"
250928000081N,Concluído,2025-09-28 18:33,CABO-USBC-2M,USB-C Braided Cable 2m,"29,90",1,"4,19","1,79","0,00","0,00",user_87393,Fake Recipient 615,(11) 94580-0000,"Rua Exemplo 331, São Paulo - SP"
250928000082Q,Concluído,2025-09-28 23:36,PEL-VIDRO-3D,3D Tempered Glass Screen Protector,"19,90",1,"2,79","1,19","0,00","0,00",user_47590,Fake Recipient 305,(11) 95419-0000,"Rua Exemplo 187, São Paulo - SP"
250928000083D,Concluído,2025-09-28 23:14,FONE-BT-TWS,TWS Bluetooth Earbuds,"89,90",1,"12,59","5,39","0,00","10,00",user_27022,Fake Recipient 490,(11) 96480-0000,"Rua Exemplo 545, São Paulo - SP"
250928000084F,Concluído,2025-09-28 23:33,CAPA-IP15-SIL,Silicone Case iPhone 15,"39,90",1,"5,59","2,39","7,90","0,00",user_17779,Fake Recipient 243,(11) 97253-0000,"Rua Exemplo 394, São Paulo - SP"
250928000085G,Concluído,2025-09-28 09:23,CABO-USBC-2M,USB-C Braided Cable 2m,"29,90",1,"4,19","1,79","4,90","0,00",user_11556,Fake Recipient 308,(11) 97095-0000,"Rua Exemplo 518, São Paulo - SP"
250929000086W,Concluído,2025-09-29 10:37,CAPA-IP15-SIL,Silicone Case iPhone 15,"39,90",1,"5,59","2,39","0,00","0,00",user_20688,Fake Recipient 215,(11) 96253-0000,"Rua Exemplo 446, São Paulo - SP"
250929000087K,Enviado,2025-09-29 13:01,RING-LED-26,26cm LED Ring Light with Tripod,"119,90",2,"33,57","14,39","4,90","0,00",user_99448,Fake Recipient 599,(11) 92978-0000,"Rua Exemplo 522, São Paulo - SP"
250929000088N,Enviado,2025-09-29 14:30,CAPA-IP15-SIL,Silicone Case iPhone 15,"39,90",4,"22,34","9,58","0,00","5,00",user_13676,Fake Recipient 816,(11) 96755-0000,"Rua Exemplo 392, São Paulo - SP"
250929000089A,Concluído,2025-09-29 22:53,CAPA-IP15-SIL,Silicone Case iPhone 15,"39,90",1,"5,59","2,39","4,90","0,00",user_67174,Fake Recipient 294,(11) 92589-0000,"Rua Exemplo 656, São Paulo - SP"
250929000090Z,Concluído,2025-09-29 09:04,CAPA-IP15-SIL,Silicone Case iPhone 15,"39,90",1,"16,03","6,87","4,90","0,00",user_52296,Fake Recipient 207,(11) 97420-0000,"Rua Exemplo 982, São Paulo - SP"
250929000090Z,Concluído,2025-09-29 09:04,CABO-USBC-2M,USB-C Braided Cable 2m,"29,90",1,"16,03","6,87","4,90","0,00",user_52296,Fake Recipient 91,(11) 91850-0000,"Rua Exemplo 657, São Paulo - SP"
250929000090Z,Concluído,2025-09-29 09:04,ORG-CABOS,Cable Organizer Kit,"14,90",3,"16,03","6,87","4,90","0,00",user_52296,Fake Recipient 531,(11) 91435-0000,"Rua Exemplo 925, São Paulo - SP"
250929000091S,Concluído,2025-09-29 23:15,CAPA-IP15-SIL,Silicone Case iPhone 15,"39,90",1,"5,59","2,39","7,90","5,00",user_47305,Fake Recipient 353,(11) 98470-0000,"Rua Exemplo 678, São Paulo - SP"
250929000092S,Concluído,2025-09-29 14:12,CARR-20W-PD,20W PD Fast Wall Charger,"59,90",1,"8,39","3,59","0,00","0,00",user_51268,Fake Recipient 788,(11) 99614-0000,"Rua Exemplo 209, São Paulo - SP"
250929000093Q,Concluído,2025-09-29 08:46,CAPA-IP15-SIL,Silicone Case iPhone 15,"39,90",2,"11,17","4,79","0,00","0,00",user_69874,Fake Recipient 123,(11) 99212-0000,"Rua Exemplo 407, São Paulo - SP"
250929000094G,Concluído,2025-09-29 17:11,CAPA-IP15-SIL,Silicone Case iPhone 15,"39,90",4,"22,34","9,58","0,00","0,00",user_62601,Fake Recipient 376,(11) 97376-0000,"Rua Exemplo 229, São Paulo - SP"
250929000095F,A enviar,2025-09-29 16:16,PEL-VIDRO-3D,3D Tempered Glass Screen Protector,"19,90",1,"2,79","1,19","0,00","0,00",user_67956,Fake Recipient 178,(11) 93757-0000,"Rua Exemplo 252, São Paulo - SP"
250929000096R,Concluído,2025-09-29 13:13,CAPA-IP15-SIL,Silicone Case iPhone 15,"39,90",1,"5,59","2,39","7,90","5,00",user_88439,Fake Recipient 553,(11) 97955-0000,"Rua Exemplo 613, São Paulo - SP"
250929000097F,Concluído,2025-09-29 16:28,CABO-USBC-2M,USB-C Braided Cable 2m,"29,90",1,"4,19","1,79","0,00","0,00",user_45189,Fake Recipient 533,(11) 97874-0000,"Rua Exemplo 703, São Paulo - SP"
250929000098R,Concluído,2025-09-29 14:24,PEL-VIDRO-3D,3D Tempered Glass Screen Protector,"19,90",2,"27,94","11,98","7,90","0,00",user_49050,Fake Recipient 490,(11) 99836-0000,"Rua Exemplo 156, São Paulo - SP"
250929000098R,Concluído,2025-09-29 14:24,PWR-10000,10000mAh Power Bank,"99,90",1,"27,94","11,98","7,90","0,00",user_49050,Fake Recipient 884,(11) 98317-0000,"Rua Exemplo 384, São Paulo - SP"
250929000098R,Concluído,2025-09-29 14:24,CARR-20W-PD,20W PD Fast Wall Charger,"59,90",1,"27,94","11,98","7,90","0,00",user_49050,Fake Recipient 505,(11) 91685-0000,"Rua Exemplo 597, São Paulo - SP"
250929000099M,Enviado,2025-09-29 13:39,SUP-CEL-CARRO,Magnetic Car Phone Holder,"34,90",1,"4,89","2,09","0,00","5,00",user_95351,Fake Recipient 299,(11) 91177-0000,"Rua Exemplo 434, São Paulo - SP"
250930000100X,Concluído,2025-09-30 18:27,CAPA-IP15-SIL,Silicone Case iPhone 15,"39,90",1,"5,59","2,39","7,90","5,00",user_24366,Fake Recipient 332,(11) 93655-0000,"Rua Exemplo 328, São Paulo - SP"
250930000101Z,Concluído,2025-09-30 22:11,LAMP-USB-LED,USB LED Desk Lamp,"44,90",1,"6,29","2,69","0,00","0,00",user_17183,Fake Recipient 622,(11) 98901-0000,"Rua Exemplo 719, São Paulo - SP"
250930000102G,Concluído,2025-09-30 12:32,CARR-20W-PD,20W PD Fast Wall Charger,"59,90",1,"8,39","3,59","4,90","0,00",user_62076,Fake Recipient 281,(11) 92082-0000,"Rua Exemplo 492, São Paulo - SP"
250930000103J,Concluído,2025-09-30 17:14,ADAPT-OTG,USB-C OTG Adapter,"12,90",1,"1,81","0,77","4,90","0,00",user_44376,Fake Recipient 379,(11) 94048-0000,"Rua Exemplo 272, São Paulo - SP"
250930000104U,Concluído,2025-09-30 23:12,CAPA-IP15-SIL,Silicone Case iPhone 15,"39,90",1,"5,59","2,39","0,00","0,00",user_22917,Fake Recipient 890,(11) 93218-0000,"Rua Exemplo 769, São Paulo - SP"
250930000105C,A enviar,2025-09-30 14:29,PWR-10000,10000mAh Power Bank,"99,90",1,"13,99","5,99","4,90","0,00",user_76689,Fake Recipient 137,(11) 97101-0000,"Rua Exemplo 922, São Paulo - SP"
250930000106Q,Concluído,2025-09-30 20:32,PEL-VIDRO-3D,3D Tempered Glass Screen Protector,"19,90",1,"2,79","1,19","0,00","5,00",user_30161,Fake Recipient 48,(11) 91515-0000,"Rua Exemplo 175, São Paulo - SP"
250930000107P,Concluído,2025-09-30 07:13,RING-LED-26,26cm LED Ring Light with Tripod,"119,90",1,"16,79","7,19","0,00","0,00",user_15703,Fake Recipient 644,(11) 96866-0000,"Rua Exemplo 208, São Paulo - SP"
250930000108D,Concluído,2025-09-30 12:13,CABO-USBC-2M,USB-C Braided Cable 2m,"29,90",1,"4,19","1,79","0,00","0,00",user_81309,Fake Recipient 345,(11) 93640-0000,"Rua Exemplo 266, São Paulo - SP"
250930000109E,A enviar,2025-09-30 09:39,SUP-CEL-CARRO,Magnetic Car Phone Holder,"34,90",1,"4,89","2,09","7,90","5,00",user_69740,Fake Recipient 567,(11) 98253-0000,"Rua Exemplo 270, São Paulo - SP"
250930000110F,Enviado,2025-09-30 07:04,CAPA-IP15-SIL,Silicone Case iPhone 15,"39,90",1,"5,59","2,39","0,00","0,00",user_23318,Fake Recipient 46,(11) 94463-0000,"Rua Exemplo 398, São Paulo - SP"
250930000111A,Concluído,2025-09-30 21:59,CAPA-IP15-SIL,Silicone Case iPhone 15,"39,90",1,"5,59","2,39","0,00","0,00",user_38164,Fake Recipient 236,(11) 93584-0000,"Rua Exemplo 426, São Paulo - SP"
250930000112N,A enviar,2025-09-30 10:25,CARR-20W-PD,20W PD Fast Wall Charger,"59,90",1,"8,39","3,59","0,00","5,00",user_13472,Fake Recipient 603,(11) 96554-0000,"Rua Exemplo 229, São Paulo - SP"
250930000113G,Concluído,2025-09-30 21:36,PEL-VIDRO-3D,3D Tempered Glass Screen Protector,"19,90",2,"5,57","2,39","7,90","5,00",user_93468,Fake Recipient 316,(11) 92030-0000,"Rua Exemplo 183, São Paulo - SP"
250930000114Q,A enviar,2025-09-30 23:33,CAPA-IP15-SIL,Silicone Case iPhone 15,"39,90",2,"11,17","4,79","0,00","0,00",user_78959,Fake Recipient 303,(11) 93000-0000,"Rua Exemplo 75, São Paulo - SP"
250930000115R,Concluído,2025-09-30 09:30,PWR-10000,10000mAh Power Bank,"99,90",1,"13,99","5,99","0,00","10,00",user_91460,Fake Recipient 5,(11) 91953-0000,"Rua Exemplo 726, São Paulo - SP"
250930000116S,Enviado,2025-09-30 22:57,CAPA-IP15-SIL,Silicone Case iPhone 15,"39,90",1,"5,59","2,39","0,00","0,00",user_27398,Fake Recipient 317,(11) 92451-0000,"Rua Exemplo 416, São Paulo - SP"
250930000117W,Concluído,2025-09-30 08:07,CAPA-IP15-SIL,Silicone Case iPhone 15,"39,90",1,"5,59","2,39","7,90","0,00",user_92646,Fake Recipient 169,(11) 92354-0000,"Rua Exemplo 985, São Paulo - SP"
250930000118X,Concluído,2025-09-30 16:32,CABO-USBC-2M,USB-C Braided Cable 2m,"29,90",1,"4,19","1,79","4,90","0,00",user_65274,Fake Recipient 683,(11) 96451-0000,"Rua Exemplo 574, São Paulo - SP"
250930000119N,A enviar,2025-09-30 20:29,CABO-USBC-2M,USB-C Braided Cable 2m,"29,90",1,"4,19","1,79","4,90","0,00",user_36945,Fake Recipient 367,(11) 92596-0000,"Rua Exemplo 667, São Paulo - SP"
250930000120J,Concluído,2025-09-30 22:26,PEL-VIDRO-3D,3D Tempered Glass Screen Protector,"19,90",1,"2,79","1,19","0,00","0,00",user_90097,Fake Recipient 412,(11) 94956-0000,"Rua Exemplo 395, São Paulo - SP"
